list_id,taxon_group,naturalized_explicit,completeness,completeness_judge,invasives_only,casuals_included,cultivated_included,ref_id,region_id
1,1,1,2,1,0,0,0,130,1
2,1,1,2,2,0,0,0,2008,2
3,2,1,2,1,0,2,2,1,3
4,1,1,3,2,0,0,0,10,4
5,1,1,2,0,0,0,0,45,5
6,1,1,2,0,0,0,0,45,6
7,1,1,2,0,0,0,0,45,7
8,1,1,2,0,0,0,0,45,8
9,1,1,2,0,0,0,0,45,9
10,1,1,2,0,0,0,0,45,10
11,1,1,2,0,0,0,0,45,11
12,1,1,2,0,0,0,0,45,12
13,1,1,2,0,0,0,0,45,13
14,1,1,2,0,0,0,0,45,14
15,1,1,2,0,0,0,0,45,15
16,1,1,2,0,0,0,0,45,16
17,1,1,2,0,0,0,0,45,17
18,1,1,2,0,0,0,0,45,18
19,1,1,2,0,0,0,0,45,19
20,1,1,2,0,0,0,0,45,20
21,1,1,2,0,0,0,0,45,21
22,1,1,2,0,0,0,0,45,22
23,1,1,2,0,0,0,0,45,23
24,1,1,2,0,0,0,0,45,24
25,1,1,2,0,0,0,0,45,25
26,1,1,2,0,0,0,0,45,26
27,1,1,2,0,0,0,0,45,27
28,1,1,2,0,0,0,0,45,28
29,1,1,2,2,0,0,0,138,29
30,1,1,2,2,0,0,0,138,30
31,1,1,2,2,0,0,0,138,31
32,1,1,2,2,0,0,0,138,32
33,1,1,2,2,0,0,0,138,33
34,1,1,2,2,0,0,0,138,34
35,1,1,3,2,0,0,0,44,35
36,2,1,2,1,0,2,2,1,36
37,2,1,2,1,0,2,2,1,37
38,1,1,2,2,0,1,0,84,38
39,1,1,2,2,0,0,0,66,39
40,1,1,1,2,0,1,0,84,40
41,1,1,2,2,0,0,0,123,41
42,1,1,2,2,0,1,0,84,42
43,1,1,2,2,0,1,0,84,43
44,1,1,2,2,0,1,0,84,44
45,1,1,2,2,0,1,0,84,45
46,1,1,2,2,0,1,0,84,46
47,1,1,1,2,0,1,0,84,47
48,1,1,1,2,0,1,0,84,48
49,1,1,1,2,0,1,0,84,49
50,1,1,2,2,0,1,0,84,50
51,1,1,2,2,0,1,0,84,51
52,1,1,2,2,0,1,0,84,52
53,1,1,2,2,0,1,0,84,53
54,1,1,1,2,0,1,0,84,54
69,1,1,3,2,0,0,0,112,69
70,1,1,2,2,0,1,0,84,70
71,1,1,1,2,0,1,0,84,71
87,1,1,1,2,0,1,0,84,87
88,1,1,3,2,0,0,0,23,88
89,1,1,3,2,0,0,0,23,89
90,1,1,3,2,0,0,0,23,90
91,1,1,3,2,0,0,0,23,91
92,1,1,3,2,0,0,0,23,92
93,1,1,3,2,0,0,0,23,93
94,1,1,3,2,0,0,0,23,94
95,1,1,3,2,0,0,0,23,95
96,1,1,3,2,0,0,0,23,96
97,1,1,3,2,0,0,0,23,97
98,1,1,3,2,0,0,0,23,98
99,1,1,3,2,0,0,0,23,99
100,1,1,3,2,0,0,0,23,100
101,1,1,2,2,0,1,0,84,101
102,1,1,1,2,0,1,0,84,102
103,1,1,2,2,0,1,0,84,103
104,1,1,3,2,0,1,0,9,104
105,1,1,3,2,0,0,0,44,105
106,1,1,2,2,0,1,0,84,106
108,1,1,3,2,0,0,0,65,108
109,1,1,3,2,0,0,0,65,109
110,1,1,3,2,0,0,0,65,110
111,1,1,3,2,0,0,0,65,111
112,1,1,3,2,0,0,0,65,112
113,1,1,3,2,0,0,0,65,113
114,1,1,3,2,0,0,0,65,114
115,1,1,3,2,0,0,0,65,115
116,1,1,3,2,0,0,0,65,116
117,1,1,3,2,0,0,0,65,117
118,1,1,3,2,0,0,0,65,118
119,1,1,3,2,0,0,0,65,119
120,1,1,3,2,0,0,0,65,120
121,1,1,3,2,0,0,0,65,121
122,1,1,3,2,0,0,0,65,122
123,1,1,3,2,0,0,0,65,123
124,1,1,3,2,0,0,0,65,124
125,1,1,3,2,0,0,0,65,125
126,1,1,3,2,0,0,0,65,126
127,1,1,3,2,0,0,0,65,127
128,1,1,3,2,0,0,0,65,128
129,1,1,3,2,0,0,0,65,129
130,1,1,3,2,0,0,0,65,130
131,1,1,3,2,0,0,0,65,131
132,1,1,3,2,0,0,0,65,132
133,1,1,3,2,0,0,0,65,133
134,1,1,2,2,0,1,0,84,134
135,1,1,2,2,0,1,0,84,135
136,1,1,1,2,0,1,0,84,136
139,1,1,3,2,0,0,0,29,139
141,1,1,2,1,0,0,0,130,141
142,1,1,2,1,0,0,0,130,142
143,1,1,2,1,0,0,0,130,143
144,1,0,2,2,0,2,0,126,144
146,1,1,2,1,0,0,0,64,146
147,2,1,2,1,0,2,2,1,147
148,1,2,2,2,0,1,0,29,148
149,1,1,2,2,0,0,0,60,149
150,1,1,2,1,0,0,0,64,150
151,1,1,2,2,0,0,0,21,151
160,1,2,2,2,0,0,0,5,160
180,2,1,2,1,0,2,2,1,180
181,1,1,2,2,0,2,0,111,181
191,1,1,3,0,0,0,0,14,191
195,1,0,3,2,0,1,0,2373,195
198,1,1,2,2,0,0,0,122,198
200,1,1,2,2,0,1,0,29,200
201,1,1,2,0,0,0,0,45,201
202,1,1,2,0,0,0,0,45,202
203,1,1,2,0,0,0,0,45,203
204,1,1,2,0,0,0,0,45,204
205,1,1,3,1,0,0,0,82,205
206,1,1,2,0,0,0,0,45,206
207,1,1,2,0,0,0,0,45,207
208,1,1,2,0,0,0,0,45,208
209,1,1,2,0,0,0,0,45,209
210,1,1,2,0,0,0,0,45,210
211,1,1,2,0,0,0,0,45,211
212,1,1,2,0,0,0,0,45,212
213,1,1,2,0,0,0,0,45,213
214,1,1,2,0,0,0,0,45,214
215,1,1,2,0,0,0,0,45,215
216,1,1,2,0,0,0,0,45,216
217,1,1,2,0,0,0,0,45,217
218,1,1,2,0,0,0,0,45,218
219,1,1,2,0,0,0,0,45,219
220,1,1,2,0,0,0,0,45,220
221,1,1,2,0,0,0,0,45,221
222,1,1,2,0,0,0,0,45,222
223,1,1,2,0,0,0,0,45,223
224,1,1,2,0,0,0,0,45,224
225,1,1,2,0,0,0,0,45,225
226,1,1,2,0,0,0,0,45,226
227,1,1,2,0,0,0,0,45,227
228,1,1,2,0,0,0,0,45,228
229,1,1,2,0,0,0,0,45,229
230,1,1,2,0,0,0,0,45,230
231,1,1,2,0,0,0,0,45,231
232,1,1,2,0,0,0,0,45,232
233,1,1,2,0,0,0,0,45,233
234,1,1,2,0,0,0,0,45,234
235,1,1,2,0,0,0,0,45,235
236,1,1,2,0,0,0,0,45,236
237,1,1,2,0,0,0,0,45,237
238,1,1,2,0,0,0,0,45,238
239,1,1,2,0,0,0,0,45,239
240,1,1,2,0,0,0,0,45,240
241,1,1,2,0,0,0,0,45,241
242,1,1,3,1,0,0,0,82,242
243,1,1,2,0,0,0,0,45,243
244,1,1,3,1,0,0,0,82,244
245,1,1,2,0,0,0,0,45,245
246,1,1,2,0,0,0,0,45,246
247,1,1,2,0,0,0,0,45,247
248,1,1,2,0,0,0,0,45,248
249,1,1,2,0,0,0,0,45,249
250,1,1,2,0,0,0,0,45,250
251,1,1,2,0,0,0,0,45,251
252,1,1,2,0,0,0,0,45,252
253,1,1,2,0,0,0,0,45,253
254,1,1,2,2,0,0,0,113,254
255,1,1,2,2,0,0,0,113,255
256,1,1,2,2,0,0,0,113,256
257,1,1,2,2,0,0,0,113,257
258,1,1,2,2,0,0,0,113,258
259,1,1,2,2,0,0,0,113,259
260,1,1,2,2,0,0,0,113,260
261,1,1,2,2,0,0,0,113,261
262,1,1,2,2,0,0,0,113,262
263,1,1,2,2,0,0,0,113,263
264,1,1,2,2,0,0,0,113,264
265,1,1,2,2,0,0,0,113,265
266,1,1,2,2,0,0,0,113,266
267,1,1,2,2,0,0,0,113,267
268,1,1,2,2,0,0,0,113,268
269,1,1,2,2,0,0,0,113,269
270,1,1,2,2,0,0,0,113,270
271,1,1,2,2,0,0,0,113,271
272,1,1,2,2,0,0,0,113,272
274,1,1,2,2,0,0,0,113,274
275,1,1,2,2,0,0,0,113,275
276,1,1,2,2,0,0,0,113,276
277,1,1,2,2,0,0,0,113,277
278,1,1,2,2,0,0,0,113,278
279,1,1,2,2,0,0,0,113,279
280,1,1,2,2,0,0,0,113,280
281,1,1,2,2,0,0,0,113,281
282,1,1,2,2,0,0,0,113,282
283,1,1,2,2,0,0,0,113,283
284,1,1,2,2,0,0,0,113,284
285,1,1,2,2,0,0,0,113,285
286,1,1,2,2,0,0,0,113,286
306,1,1,2,2,0,0,0,20,306
307,1,0,1,2,0,1,1,139,307
309,1,1,3,0,0,0,0,55,309
310,1,1,2,2,0,0,0,91,310
311,1,1,2,1,0,0,0,130,311
312,1,1,2,2,0,0,0,32,312
313,2,1,2,1,0,2,2,1,313
314,1,1,2,2,0,0,0,29,314
315,1,1,3,2,0,0,0,29,315
318,2,1,2,1,0,2,2,1,318
319,1,1,3,2,0,0,0,29,319
320,1,1,2,1,0,0,0,64,320
328,1,1,3,2,0,0,0,29,328
329,1,1,3,2,0,0,0,29,329
331,1,1,2,2,0,0,0,29,331
332,1,1,2,2,0,0,0,43,332
333,1,1,2,2,0,0,0,43,333
334,1,2,3,2,0,1,0,124,334
335,1,1,2,2,0,0,0,43,335
336,1,0,2,2,0,1,1,83,336
337,1,1,3,2,0,0,0,44,337
338,1,2,2,2,0,1,1,107,338
339,1,1,3,2,0,0,0,29,339
340,1,1,3,2,0,0,0,29,340
341,1,1,3,2,0,0,0,44,341
342,1,2,2,2,0,0,0,29,342
344,1,1,2,1,0,0,0,137,344
345,1,1,3,2,0,0,0,106,345
346,1,1,3,2,0,0,0,29,346
347,1,1,3,2,0,0,0,106,347
348,1,1,3,2,0,0,0,106,348
349,1,1,2,2,0,0,0,67,349
352,2,1,2,1,0,2,2,1,352
353,1,1,1,2,0,0,0,22,353
354,1,1,1,2,0,0,0,22,354
355,1,1,1,2,0,0,0,22,355
356,1,1,2,1,0,0,0,38,356
357,1,1,3,2,0,0,0,29,357
358,2,1,2,1,0,2,2,1,358
360,1,1,2,1,0,0,0,31,360
361,1,0,2,2,0,1,1,103,361
363,1,1,3,2,0,0,0,44,363
365,2,1,2,1,0,2,2,1,365
366,2,1,2,1,0,2,2,1,366
367,1,1,2,2,0,0,0,29,367
368,1,1,2,2,0,0,0,109,368
369,1,1,1,2,0,0,0,116,369
403,1,1,2,2,0,0,0,29,403
404,1,1,3,0,0,0,0,134,404
405,1,1,3,0,0,0,0,134,405
406,1,1,3,0,0,0,0,134,406
407,1,1,3,0,0,0,0,134,407
408,1,1,3,0,0,0,0,134,408
409,1,1,3,0,0,0,0,134,409
411,1,1,3,2,0,0,0,29,411
413,1,1,2,2,0,0,0,29,413
414,1,1,2,1,0,0,0,64,414
415,1,1,1,2,0,0,0,116,415
416,1,1,3,2,0,0,0,77,416
418,1,2,2,2,0,1,0,73,418
419,1,1,1,2,0,1,1,135,419
420,1,1,1,2,0,1,1,135,420
421,1,0,2,2,0,1,1,118,421
422,1,0,2,2,0,1,1,118,422
423,1,0,2,2,0,1,1,118,423
424,1,0,2,2,0,1,1,118,424
425,1,0,2,2,0,1,1,118,425
426,1,0,2,2,0,1,1,118,426
427,1,1,1,2,0,1,1,135,427
428,1,1,1,2,0,1,1,135,428
429,2,1,2,1,0,2,2,1,429
430,2,1,2,1,0,2,2,1,430
432,1,0,1,1,0,1,2,88,432
435,2,1,2,1,0,2,2,1,435
436,1,1,2,2,0,0,0,29,436
437,2,1,2,2,0,0,0,110,437
438,1,1,2,2,0,0,0,69,438
439,1,1,2,2,0,0,0,29,439
440,1,1,3,2,0,0,0,29,440
441,1,1,3,2,0,0,0,29,441
443,1,2,2,2,0,1,0,29,443
444,1,1,3,0,0,0,0,70,444
445,1,2,2,0,0,1,0,26,445
447,1,2,2,0,0,1,0,26,447
448,1,2,2,0,0,1,0,26,448
449,1,2,2,0,0,1,0,26,449
450,1,2,2,0,0,1,0,26,450
451,1,2,2,0,0,1,0,26,451
452,1,2,2,0,0,1,0,26,452
453,1,2,2,0,0,1,0,26,453
454,1,2,2,0,0,1,0,26,454
455,1,2,2,0,0,1,0,26,455
456,1,2,2,0,0,1,0,26,456
457,1,2,2,0,0,1,0,26,457
458,1,2,2,0,0,1,0,26,458
459,1,2,2,0,0,1,0,26,459
460,1,2,2,0,0,1,0,26,460
461,1,2,2,0,0,1,0,26,461
462,1,2,2,0,0,1,0,26,462
463,1,2,2,0,0,1,0,26,463
464,1,2,2,0,0,1,0,26,464
465,1,2,2,0,0,1,0,26,465
466,1,2,2,0,0,1,0,26,466
467,1,2,2,0,0,1,0,26,467
468,1,2,2,0,0,1,0,26,468
469,1,1,2,2,0,0,0,76,469
470,1,2,2,0,0,1,0,26,470
471,1,2,2,0,0,1,0,26,471
472,1,2,2,0,0,1,0,26,472
473,1,2,2,0,0,1,0,26,473
474,1,2,2,0,0,1,0,26,474
475,1,2,2,0,0,1,0,26,475
476,1,2,2,0,0,1,0,26,476
477,1,2,2,2,0,0,0,104,477
478,1,2,2,2,0,0,0,115,478
479,1,1,2,2,0,0,0,131,479
480,1,2,2,2,0,0,0,104,480
481,1,1,1,2,0,0,0,29,481
483,1,1,2,2,0,0,0,29,483
484,1,0,2,2,0,1,1,103,484
485,1,0,2,2,0,1,1,103,485
486,1,0,2,2,0,1,1,103,486
487,1,0,2,2,0,1,1,103,487
488,1,0,2,2,0,1,1,103,488
489,1,0,2,2,0,1,1,103,489
490,1,0,2,2,0,1,1,103,490
491,1,0,2,2,0,1,1,103,491
492,1,0,2,2,0,1,1,103,492
493,1,0,2,2,0,1,1,103,493
494,1,0,2,2,0,1,1,103,494
495,1,0,2,2,0,1,1,103,495
496,1,0,2,2,0,1,1,103,496
497,1,1,2,2,0,2,3,28,497
498,1,1,2,2,0,2,3,28,498
499,1,1,2,2,0,2,3,28,499
500,1,1,2,2,0,2,3,28,500
501,1,1,2,2,0,2,3,28,501
502,1,1,2,2,0,2,3,28,502
503,1,1,2,2,0,2,3,28,503
504,1,1,2,2,0,2,3,28,504
505,1,1,2,2,0,2,3,28,505
506,1,1,2,2,0,2,3,28,506
508,1,1,2,2,0,0,0,105,508
509,2,1,2,1,0,2,2,1,509
512,1,1,2,2,0,0,0,128,512
513,1,1,2,2,0,0,0,7,513
516,1,1,3,2,0,0,0,51,516
518,1,0,2,2,0,1,1,39,518
519,1,1,2,2,0,0,0,29,519
520,1,1,3,2,0,0,0,29,520
521,1,0,3,1,0,1,1,46,521
522,1,1,2,2,0,0,0,29,522
524,1,1,2,2,0,0,0,2374,524
525,1,1,3,2,0,0,0,25,525
526,1,1,3,2,0,1,0,62,526
527,1,1,2,1,0,0,0,30,527
529,1,1,1,2,0,0,0,86,529
531,1,1,2,0,0,1,2,94,531
532,1,1,3,2,0,0,0,127,532
533,1,1,3,0,0,0,0,14,533
536,1,1,3,2,0,0,0,15,536
538,1,1,2,2,0,0,0,29,538
539,1,1,3,2,0,0,0,15,539
540,1,1,3,2,0,0,0,15,540
541,1,1,1,2,0,1,0,40,541
543,1,1,1,2,0,1,0,40,543
544,1,1,2,2,0,1,0,40,544
545,1,1,2,2,0,1,0,40,545
546,1,1,2,2,0,1,0,40,546
547,1,1,2,2,0,1,0,40,547
548,1,1,1,2,0,1,0,40,548
549,1,1,2,2,0,1,0,40,549
550,1,1,1,2,0,1,0,40,550
551,1,1,1,2,0,1,0,40,551
554,1,1,2,2,0,1,0,40,554
555,1,1,1,2,0,1,0,40,555
556,1,1,1,2,0,1,0,40,556
557,1,1,1,2,0,1,0,40,557
558,1,1,1,2,0,1,0,40,558
559,1,1,1,2,0,1,0,40,559
560,1,1,1,2,0,1,0,40,560
561,1,1,1,2,0,1,0,40,561
562,1,1,2,2,0,1,0,40,562
563,1,1,1,2,0,1,0,40,563
564,1,1,1,2,0,1,0,40,564
565,1,1,2,2,0,1,0,40,565
566,1,1,1,2,0,1,0,40,566
567,1,1,2,2,0,1,0,40,567
568,1,1,1,2,0,1,0,40,568
569,1,1,2,2,0,1,0,40,569
570,1,1,2,2,0,1,0,40,570
571,1,1,1,2,0,1,0,40,571
572,1,1,1,2,0,1,0,40,572
573,1,1,1,2,0,1,0,40,573
574,1,1,1,2,0,1,0,40,574
575,1,1,1,2,0,1,0,40,575
577,1,1,1,2,0,1,0,40,577
578,1,1,2,2,0,1,0,40,578
579,1,1,1,2,0,1,0,40,579
580,1,1,2,2,0,1,0,40,580
581,1,1,2,2,0,1,0,40,581
582,1,1,1,2,0,1,0,40,582
583,1,1,2,2,0,1,0,40,583
584,1,1,1,2,0,1,0,40,584
588,1,1,1,2,0,1,0,40,588
589,1,1,1,2,0,1,0,40,589
590,1,1,1,2,0,1,0,40,590
592,1,1,1,2,0,1,0,40,592
594,1,1,2,2,0,1,0,40,594
595,1,1,1,2,0,1,0,40,595
596,1,1,1,2,0,1,0,40,596
597,1,1,1,2,0,1,0,40,597
600,1,1,1,2,0,1,0,40,600
601,1,1,1,2,0,1,0,40,601
603,1,1,1,2,0,1,0,40,603
604,1,1,1,2,0,1,0,40,604
605,1,1,1,2,0,1,0,40,605
606,1,1,1,2,0,1,0,40,606
607,1,1,1,2,0,1,0,40,607
610,1,1,1,2,0,1,0,40,610
611,1,1,1,2,0,1,0,40,611
612,1,1,1,2,0,1,0,40,612
613,1,1,2,2,0,0,0,89,613
614,1,1,2,2,0,0,0,29,614
616,1,0,1,2,0,2,2,19,616
617,1,1,2,2,0,0,0,47,617
618,1,1,2,2,0,0,0,47,618
619,1,0,1,2,0,2,2,19,619
620,1,2,2,2,0,1,0,121,620
621,1,2,2,2,0,1,0,121,621
622,1,2,2,2,0,1,0,120,622
623,1,2,2,2,0,1,0,121,623
624,1,0,1,2,0,2,2,19,624
625,1,2,2,2,0,1,0,121,625
626,1,2,2,2,0,1,0,121,626
627,1,1,2,2,0,0,0,47,627
628,1,2,2,2,0,1,0,121,628
629,1,2,2,2,0,1,0,121,629
630,1,2,2,2,0,1,0,121,630
631,1,1,2,2,0,0,0,47,631
632,1,1,2,2,0,0,0,47,632
633,1,2,2,2,0,1,0,121,633
634,1,2,2,2,0,1,0,121,634
635,1,1,2,2,0,0,0,47,635
636,1,1,2,2,0,0,0,47,636
637,1,1,2,2,0,0,0,87,637
638,1,1,2,2,0,0,0,87,638
639,1,1,2,2,0,0,0,79,639
640,1,1,2,2,0,0,0,87,640
641,1,1,2,2,0,0,0,80,641
642,1,1,2,2,0,0,0,87,642
643,1,1,2,2,0,0,0,34,643
644,1,1,2,2,0,0,0,34,644
645,1,1,2,2,0,0,0,34,645
646,1,1,2,2,0,0,0,34,646
647,1,1,2,2,0,0,0,34,647
648,1,1,2,2,0,0,0,34,648
649,1,1,2,2,0,0,0,34,649
650,1,1,2,2,0,0,0,34,650
651,1,1,2,2,0,0,0,34,651
652,1,1,2,2,0,0,0,34,652
653,1,1,2,2,0,0,0,34,653
654,1,1,2,2,0,0,0,34,654
655,1,1,2,2,0,0,0,87,655
656,1,1,2,2,0,0,0,87,656
657,1,1,2,2,0,0,0,87,657
659,1,1,3,0,0,0,0,59,659
662,1,1,2,2,0,0,0,24,662
663,1,1,3,2,0,0,0,44,663
664,1,0,2,2,0,1,1,50,664
665,1,1,2,2,0,0,0,132,665
666,1,1,2,2,0,0,0,132,666
667,1,1,2,2,0,0,0,132,667
668,1,1,2,2,0,0,0,72,668
669,1,1,2,2,0,0,0,132,669
673,2,0,2,2,0,1,1,36,673
675,1,1,2,2,0,0,0,29,675
677,1,1,2,2,0,0,0,29,677
678,1,2,2,2,0,0,0,119,678
679,1,1,2,1,0,0,0,130,679
680,1,1,3,1,0,1,0,49,680
681,1,1,3,1,0,1,0,49,681
682,1,1,3,1,0,1,0,49,682
683,1,1,3,1,0,1,0,49,683
684,1,1,3,1,0,1,0,49,684
685,1,1,3,1,0,1,0,49,685
687,1,1,3,1,0,1,0,49,687
688,1,1,3,1,0,1,0,49,688
689,1,1,3,1,0,1,0,49,689
691,1,1,3,1,0,1,0,49,691
693,1,1,3,1,0,1,0,49,693
695,1,1,3,1,0,1,0,49,695
697,1,1,3,1,0,1,0,49,697
698,1,1,3,1,0,1,0,49,698
699,1,1,3,1,0,1,0,49,699
701,1,1,3,1,0,1,0,49,701
703,1,1,3,1,0,1,0,49,703
704,1,1,3,1,0,1,0,49,704
705,1,1,3,1,0,1,0,49,705
706,1,1,3,1,0,1,0,49,706
707,1,1,3,1,0,1,0,49,707
708,1,1,3,1,0,1,0,49,708
709,1,1,3,1,0,1,0,49,709
711,1,1,3,1,0,1,0,49,711
713,1,1,3,1,0,1,0,49,713
714,1,1,3,1,0,1,0,49,714
715,1,1,3,1,0,1,0,49,715
716,1,1,3,1,0,1,0,49,716
717,1,1,3,1,0,1,0,49,717
718,1,1,3,1,0,1,0,49,718
719,1,1,3,1,0,1,0,49,719
720,1,1,3,1,0,1,0,49,720
721,1,1,3,1,0,1,0,49,721
722,1,1,3,1,0,1,0,49,722
723,1,1,3,1,0,1,0,49,723
728,1,1,2,2,0,0,0,114,728
734,1,1,2,2,0,1,0,29,734
735,1,1,2,1,0,0,0,57,735
747,1,1,3,2,0,0,0,56,747
748,1,1,3,2,0,0,0,56,748
749,1,1,3,2,0,0,0,56,749
750,1,1,3,2,0,0,0,56,750
751,1,1,3,2,0,0,0,56,751
752,1,1,3,2,0,0,0,56,752
753,1,1,3,2,0,0,0,56,753
754,1,1,3,2,0,0,0,56,754
755,1,1,3,2,0,0,0,56,755
756,1,1,3,2,0,0,0,56,756
757,1,1,3,2,0,0,0,56,757
758,1,1,3,2,0,0,0,56,758
759,1,1,3,2,0,0,0,56,759
760,1,1,3,2,0,0,0,56,760
761,1,1,3,2,0,0,0,56,761
762,1,1,3,2,0,0,0,56,762
763,1,1,3,2,0,0,0,56,763
768,1,2,2,2,0,0,0,42,768
784,1,1,3,0,0,0,0,14,784
800,1,1,3,0,0,0,0,14,800
806,2,1,2,1,0,2,2,1,806
807,2,1,2,1,0,2,2,1,807
808,1,1,2,2,0,0,0,90,808
809,1,1,1,2,0,1,1,27,809
810,2,1,2,1,0,2,2,1,810
811,2,1,2,1,0,2,2,1,811
814,1,1,1,2,1,0,0,136,814
815,1,1,1,2,1,0,0,136,815
816,1,1,1,2,1,0,0,136,816
817,1,1,1,2,1,0,0,136,817
818,1,1,2,2,0,1,1,4,818
824,1,1,3,2,0,0,0,44,824
828,1,1,3,2,0,0,0,44,828
830,1,1,2,2,0,1,1,98,830
831,1,1,2,2,0,1,1,98,831
832,1,1,2,2,0,1,1,98,832
833,1,1,2,2,0,1,1,98,833
834,1,1,2,2,0,1,1,98,834
835,1,1,2,2,0,1,1,98,835
836,1,1,2,2,0,1,1,98,836
837,1,1,2,2,0,1,1,98,837
838,1,1,2,2,0,1,1,98,838
839,1,1,3,2,0,0,0,81,839
840,1,1,3,2,0,0,0,81,840
841,1,1,3,2,0,0,0,81,841
842,1,1,3,2,0,0,0,81,842
843,1,1,3,2,0,0,0,81,843
844,1,1,2,0,0,0,0,2321,152
845,1,1,2,0,0,0,0,2321,153
846,1,1,2,0,0,0,0,2321,154
847,1,1,2,0,0,0,0,2321,155
848,1,1,2,0,0,0,0,2321,156
849,1,1,2,0,0,0,0,2321,157
850,1,1,2,0,0,0,0,2321,158
851,1,1,2,0,0,0,0,2321,159
852,1,1,2,0,0,0,0,2321,161
853,1,1,2,0,0,0,0,2321,162
854,1,1,2,0,0,0,0,2321,163
855,1,1,2,0,0,0,0,2321,164
856,1,1,2,0,0,0,0,2321,165
857,1,1,2,0,0,0,0,2321,166
858,1,1,2,0,0,0,0,2321,167
859,1,1,2,0,0,0,0,2321,168
860,1,1,2,0,0,0,0,2321,169
861,1,1,2,0,0,0,0,2321,170
862,1,1,2,0,0,0,0,2321,171
863,1,1,2,0,0,0,0,2321,172
864,1,1,2,0,0,0,0,2321,173
865,1,1,2,0,0,0,0,2321,174
866,1,1,2,0,0,0,0,2321,175
867,1,1,2,0,0,0,0,2321,176
868,1,1,2,0,0,0,0,2321,177
869,1,1,2,0,0,0,0,2321,178
870,1,1,2,0,0,0,0,2321,179
871,1,1,2,2,0,2,0,29,145
872,1,1,1,2,0,0,0,96,145
873,1,1,3,0,0,0,0,14,183
874,1,1,3,0,0,0,0,14,184
875,1,1,3,0,0,0,0,14,185
876,1,1,3,0,0,0,0,14,186
877,1,1,3,0,0,0,0,14,187
878,1,1,3,0,0,0,0,14,188
879,1,1,3,0,0,0,0,14,189
880,1,1,3,0,0,0,0,14,190
881,1,1,3,0,0,0,0,14,192
882,1,1,3,0,0,0,0,14,193
883,1,1,3,0,0,0,0,14,194
884,1,1,3,0,0,0,0,14,196
885,1,1,3,0,0,0,0,14,197
886,1,1,3,0,0,0,0,14,359
887,1,1,3,0,0,0,0,14,672
888,1,1,3,0,0,0,0,14,736
889,1,1,3,0,0,0,0,14,737
890,1,1,3,0,0,0,0,14,738
891,1,1,3,0,0,0,0,14,739
892,1,1,3,0,0,0,0,14,740
893,1,1,3,0,0,0,0,14,741
894,1,1,3,0,0,0,0,14,742
895,1,1,3,0,0,0,0,14,743
896,1,1,3,0,0,0,0,14,744
897,1,1,3,0,0,0,0,14,745
898,1,1,3,0,0,0,0,14,746
899,1,1,3,0,0,0,0,14,764
900,1,1,3,0,0,0,0,14,765
901,1,1,3,0,0,0,0,14,766
902,1,1,3,0,0,0,0,14,767
903,1,1,3,0,0,0,0,14,769
904,1,1,3,0,0,0,0,14,770
905,1,1,3,0,0,0,0,14,771
906,1,1,3,0,0,0,0,14,772
907,1,1,3,0,0,0,0,14,773
908,1,1,3,0,0,0,0,14,774
909,1,1,3,0,0,0,0,14,775
910,1,1,3,0,0,0,0,14,776
911,1,1,3,0,0,0,0,14,777
912,1,1,3,0,0,0,0,14,778
913,1,1,3,0,0,0,0,14,779
914,1,1,3,0,0,0,0,14,780
915,1,1,3,0,0,0,0,14,781
916,1,1,3,0,0,0,0,14,782
917,1,1,3,0,0,0,0,14,783
918,1,1,3,0,0,0,0,14,785
919,1,1,3,0,0,0,0,14,786
920,1,1,3,0,0,0,0,14,787
921,1,1,3,0,0,0,0,14,788
922,1,1,3,0,0,0,0,14,789
923,1,1,3,0,0,0,0,14,790
924,1,1,3,0,0,0,0,14,791
925,1,1,3,0,0,0,0,14,792
926,1,1,3,0,0,0,0,14,793
927,1,1,3,0,0,0,0,14,794
928,1,1,3,0,0,0,0,14,795
929,1,1,3,0,0,0,0,14,796
930,1,1,3,0,0,0,0,14,797
931,1,1,3,0,0,0,0,14,798
932,1,1,3,0,0,0,0,14,799
933,1,1,3,0,0,0,0,14,801
934,1,1,3,0,0,0,0,14,802
935,1,1,3,0,0,0,0,14,803
936,1,1,3,0,0,0,0,14,804
937,1,1,3,0,0,0,0,14,805
938,1,1,3,0,0,0,0,1997,183
939,1,1,3,0,0,0,0,1997,184
940,1,1,3,0,0,0,0,1997,185
941,1,1,3,0,0,0,0,1997,186
942,1,1,3,0,0,0,0,1997,187
943,1,1,3,0,0,0,0,1997,188
944,1,1,3,0,0,0,0,1997,189
945,1,1,3,0,0,0,0,1997,190
946,1,1,3,0,0,0,0,1997,192
947,1,1,3,0,0,0,0,1997,193
948,1,1,3,0,0,0,0,1997,194
949,1,1,3,0,0,0,0,1997,196
950,1,1,3,0,0,0,0,1997,197
951,1,1,3,0,0,0,0,1997,359
952,1,1,3,0,0,0,0,1997,672
953,1,1,3,0,0,0,0,1997,736
954,1,1,3,0,0,0,0,1997,737
955,1,1,3,0,0,0,0,1997,738
956,1,1,3,0,0,0,0,1997,739
957,1,1,3,0,0,0,0,1997,740
958,1,1,3,0,0,0,0,1997,741
959,1,1,3,0,0,0,0,1997,742
960,1,1,3,0,0,0,0,1997,743
961,1,1,3,0,0,0,0,1997,744
962,1,1,3,0,0,0,0,1997,745
963,1,1,3,0,0,0,0,1997,746
964,1,1,3,0,0,0,0,1997,764
965,1,1,3,0,0,0,0,1997,765
966,1,1,3,0,0,0,0,1997,766
967,1,1,3,0,0,0,0,1997,767
968,1,1,3,0,0,0,0,1997,769
969,1,1,3,0,0,0,0,1997,770
970,1,1,3,0,0,0,0,1997,771
971,1,1,3,0,0,0,0,1997,772
972,1,1,3,0,0,0,0,1997,773
973,1,1,3,0,0,0,0,1997,774
974,1,1,3,0,0,0,0,1997,775
975,1,1,3,0,0,0,0,1997,776
976,1,1,3,0,0,0,0,1997,777
977,1,1,3,0,0,0,0,1997,778
978,1,1,3,0,0,0,0,1997,779
979,1,1,3,0,0,0,0,1997,780
980,1,1,3,0,0,0,0,1997,781
981,1,1,3,0,0,0,0,1997,782
982,1,1,3,0,0,0,0,1997,783
983,1,1,3,0,0,0,0,1997,785
984,1,1,3,0,0,0,0,1997,786
985,1,1,3,0,0,0,0,1997,787
986,1,1,3,0,0,0,0,1997,788
987,1,1,3,0,0,0,0,1997,789
988,1,1,3,0,0,0,0,1997,790
989,1,1,3,0,0,0,0,1997,791
990,1,1,3,0,0,0,0,1997,792
991,1,1,3,0,0,0,0,1997,793
992,1,1,3,0,0,0,0,1997,794
993,1,1,3,0,0,0,0,1997,795
994,1,1,3,0,0,0,0,1997,796
995,1,1,3,0,0,0,0,1997,797
996,1,1,3,0,0,0,0,1997,798
997,1,1,3,0,0,0,0,1997,799
998,1,1,3,0,0,0,0,1997,801
999,1,1,3,0,0,0,0,1997,802
1000,1,1,3,0,0,0,0,1997,803
1001,1,1,3,0,0,0,0,1997,804
1002,1,1,3,0,0,0,0,1997,805
1004,1,1,2,2,0,0,0,2322,326
1005,1,1,2,2,0,0,0,113,731
1006,7,1,3,2,0,0,0,61,381
1007,1,1,1,2,1,0,0,2354,519
1009,1,1,2,2,0,0,0,2372,150
1010,1,1,1,1,0,0,0,2326,908
1011,1,1,1,2,0,0,0,2328,900
1012,1,1,1,2,1,0,0,2346,615
1014,1,1,1,2,1,0,0,2363,150
1015,1,1,2,2,0,0,0,2364,526
1016,1,1,2,2,0,0,0,2325,909
1017,1,1,3,2,0,0,0,2331,184
1018,2,1,1,2,1,0,0,2332,233
1019,2,1,1,2,1,0,0,2332,254
1020,2,1,1,2,1,0,0,2332,255
1021,2,1,1,2,1,0,0,2332,256
1022,2,1,1,2,1,0,0,2332,257
1023,2,1,1,2,1,0,0,2332,258
1024,2,1,1,2,1,0,0,2332,259
1025,2,1,1,2,1,0,0,2332,260
1026,2,1,1,2,1,0,0,2332,261
1027,2,1,1,2,1,0,0,2332,262
1028,2,1,1,2,1,0,0,2332,264
1029,2,1,1,2,1,0,0,2332,265
1030,2,1,1,2,1,0,0,2332,266
1031,2,1,1,2,1,0,0,2332,267
1032,2,1,1,2,1,0,0,2332,268
1033,2,1,1,2,1,0,0,2332,269
1034,2,1,1,2,1,0,0,2332,270
1035,2,1,1,2,1,0,0,2332,271
1036,2,1,1,2,1,0,0,2332,272
1037,2,1,1,2,1,0,0,2332,273
1038,2,1,1,2,1,0,0,2332,274
1039,2,1,1,2,1,0,0,2332,275
1040,2,1,1,2,1,0,0,2332,276
1041,2,1,1,2,1,0,0,2332,277
1042,2,1,1,2,1,0,0,2332,278
1043,2,1,1,2,1,0,0,2332,279
1044,2,1,1,2,1,0,0,2332,280
1045,2,1,1,2,1,0,0,2332,281
1046,2,1,1,2,1,0,0,2332,282
1047,2,1,1,2,1,0,0,2332,283
1048,2,1,1,2,1,0,0,2332,284
1049,2,1,1,2,1,0,0,2332,285
1050,2,1,1,2,1,0,0,2332,286
1051,2,1,1,2,1,0,0,2332,731
1052,1,1,2,2,0,0,0,2345,523
1053,1,1,3,2,0,0,0,2348,416
1054,1,2,2,0,0,1,0,26,446
1055,7,1,3,1,0,0,0,48,446
1056,1,1,2,2,0,0,0,2375,561
1057,1,1,2,2,0,0,0,2375,562
1058,1,1,2,2,0,0,0,2375,563
1059,1,1,2,2,0,0,0,2375,564
1060,1,1,2,2,0,0,0,2375,565
1061,1,1,2,2,0,0,0,2375,566
1062,1,1,2,2,0,0,0,2375,567
1063,1,1,2,2,0,0,0,2375,568
1064,1,1,2,2,0,0,0,2375,569
1065,1,1,2,2,0,0,0,2375,570
1066,2,1,2,1,0,2,2,1,812
1067,5,1,2,2,0,1,1,101,812
1068,2,1,2,1,0,2,2,1,813
1069,5,1,2,2,0,1,1,101,813
1070,1,1,1,2,0,1,0,40,291
1072,1,1,1,2,0,1,0,40,292
1074,1,1,1,2,0,1,0,40,293
1076,1,1,1,2,0,1,0,40,294
1078,1,1,1,2,0,1,0,40,297
1082,1,1,1,2,0,1,0,40,301
1084,1,1,1,2,0,1,0,40,302
1086,1,1,1,2,0,1,0,40,304
1088,1,1,1,2,0,1,0,40,576
1089,1,1,2,2,0,2,2,41,576
1090,1,1,3,1,0,1,0,49,686
1091,1,1,2,2,0,1,0,53,686
1092,1,1,3,1,0,1,0,49,690
1093,1,1,2,2,0,1,0,53,690
1094,1,1,3,1,0,1,0,49,692
1095,1,1,2,2,0,1,0,53,692
1096,1,1,3,1,0,1,0,49,694
1097,1,1,2,2,0,1,0,53,694
1098,1,1,3,1,0,1,0,49,696
1099,1,1,2,2,0,1,0,53,696
1100,1,1,3,1,0,1,0,49,700
1101,1,1,2,2,0,1,0,53,700
1102,1,1,3,1,0,1,0,49,702
1103,1,1,2,2,0,1,0,53,702
1104,1,1,3,1,0,1,0,49,710
1105,1,1,2,2,0,1,0,53,710
1106,1,1,3,1,0,1,0,49,712
1107,1,1,2,2,0,1,0,53,712
1108,1,1,3,1,0,1,0,49,724
1109,1,1,2,2,0,1,0,53,724
1110,1,2,3,2,0,0,0,102,199
1111,1,1,2,2,0,0,0,122,199
1112,1,1,3,2,0,0,0,2376,910
1113,1,1,3,2,0,0,0,2376,915
1114,1,1,3,2,0,0,0,2376,912
1115,1,1,3,2,0,0,0,2376,916
1116,1,1,3,2,0,0,0,2376,914
1117,1,1,3,2,0,0,0,2376,917
1118,1,1,3,2,0,0,0,2376,913
1119,1,1,3,2,0,0,0,2376,911
1120,1,1,3,2,0,0,0,2376,918
1121,1,1,2,2,0,0,0,2330,919
1122,1,1,1,2,1,0,0,2333,233
1123,1,1,1,2,1,0,0,2333,254
1124,1,1,1,2,1,0,0,2333,255
1125,1,1,1,2,1,0,0,2333,256
1126,1,1,1,2,1,0,0,2333,257
1127,1,1,1,2,1,0,0,2333,258
1128,1,1,1,2,1,0,0,2333,259
1129,1,1,1,2,1,0,0,2333,260
1130,1,1,1,2,1,0,0,2333,261
1131,1,1,1,2,1,0,0,2333,262
1132,1,1,1,2,1,0,0,2333,264
1133,1,1,1,2,1,0,0,2333,265
1134,1,1,1,2,1,0,0,2333,266
1135,1,1,1,2,1,0,0,2333,267
1136,1,1,1,2,1,0,0,2333,268
1137,1,1,1,2,1,0,0,2333,269
1138,1,1,1,2,1,0,0,2333,270
1139,1,1,1,2,1,0,0,2333,271
1140,1,1,1,2,1,0,0,2333,272
1141,1,1,1,2,1,0,0,2333,273
1142,1,1,1,2,1,0,0,2333,274
1143,1,1,1,2,1,0,0,2333,275
1144,1,1,1,2,1,0,0,2333,276
1145,1,1,1,2,1,0,0,2333,277
1146,1,1,1,2,1,0,0,2333,278
1147,1,1,1,2,1,0,0,2333,279
1148,1,1,1,2,1,0,0,2333,280
1149,1,1,1,2,1,0,0,2333,281
1150,1,1,1,2,1,0,0,2333,282
1151,1,1,1,2,1,0,0,2333,283
1152,1,1,1,2,1,0,0,2333,284
1153,1,1,1,2,1,0,0,2333,285
1154,1,1,1,2,1,0,0,2333,286
1155,1,1,1,2,1,0,0,2333,731
1156,1,1,1,2,0,0,0,2334,2
1157,1,1,2,2,0,0,0,2335,324
1158,1,1,2,2,0,0,0,2336,431
1159,1,1,2,2,0,0,0,2336,534
1160,8,1,3,0,0,0,0,2337,513
1161,1,1,2,2,0,0,0,2338,528
1163,6,1,1,2,0,0,0,2349,416
1164,7,1,1,2,1,0,0,2350,533
1165,7,1,1,2,1,0,0,2350,800
1166,1,1,2,2,0,0,0,2351,659
1167,1,1,3,2,0,0,0,2355,677
1168,1,1,1,2,1,0,0,2356,920
1169,1,2,1,2,0,0,0,2357,732
1170,1,1,1,2,0,0,0,2358,523
1171,1,1,3,2,0,0,0,2359,412
1172,1,1,2,2,0,0,0,2360,921
1173,1,1,1,2,0,0,0,2361,417
1174,1,1,1,2,0,0,0,2361,732
1175,1,1,1,2,0,0,0,2361,733
1176,1,1,1,2,0,0,0,2362,529
1177,6,1,1,2,1,0,0,2365,922
1178,7,1,1,2,1,0,0,2366,922
1179,1,1,2,2,0,0,0,2370,445
1180,1,1,2,2,0,0,0,2370,923
1181,1,1,2,2,0,0,0,2370,924
1182,1,1,2,2,0,0,0,2370,447
1183,1,1,2,2,0,0,0,2370,448
1184,1,1,2,2,0,0,0,2370,449
1185,1,1,2,2,0,0,0,2370,450
1186,1,1,2,2,0,0,0,2370,451
1187,1,1,2,2,0,0,0,2370,452
1188,1,1,2,2,0,0,0,2370,453
1189,1,1,2,2,0,0,0,2370,454
1190,1,1,2,2,0,0,0,2370,455
1191,1,1,2,2,0,0,0,2370,456
1192,1,1,2,2,0,0,0,2370,457
1193,1,1,2,2,0,0,0,2370,458
1194,1,1,2,2,0,0,0,2370,459
1195,1,1,2,2,0,0,0,2370,460
1196,1,1,2,2,0,0,0,2370,461
1197,1,1,2,2,0,0,0,2370,462
1198,1,1,2,2,0,0,0,2370,463
1199,1,1,2,2,0,0,0,2370,464
1200,1,1,2,2,0,0,0,2370,465
1201,1,1,2,2,0,0,0,2370,466
1202,1,1,2,2,0,0,0,2370,467
1203,1,1,2,2,0,0,0,2370,468
1204,1,1,2,2,0,0,0,2370,470
1205,1,1,2,2,0,0,0,2370,471
1206,1,1,2,2,0,0,0,2370,472
1207,1,1,2,2,0,0,0,2370,473
1208,1,1,2,2,0,0,0,2370,474
1209,1,1,2,2,0,0,0,2370,475
1210,1,1,2,2,0,0,0,2370,476
1211,1,1,1,2,0,0,0,2377,412
1212,6,1,1,2,0,0,0,2378,925
1213,1,1,3,2,0,0,0,52,979
1214,1,1,3,2,0,0,0,52,980
1215,1,1,3,2,0,0,0,52,971
1216,1,1,3,2,0,0,0,52,972
1217,1,1,3,2,0,0,0,52,973
1218,1,1,3,2,0,0,0,52,974
1219,1,1,3,2,0,0,0,52,975
1220,1,1,3,2,0,0,0,52,977
1221,1,1,3,2,0,0,0,52,978
1222,1,1,3,2,0,0,0,52,982
1223,1,1,3,2,0,0,0,52,981
1224,7,1,2,2,0,0,0,2341,644
1225,7,1,2,1,0,0,0,2379,643
1226,7,1,2,1,0,0,0,2379,644
1227,7,1,2,1,0,0,0,2379,647
1228,7,1,2,1,0,0,0,2379,653
1229,1,1,2,2,0,0,0,2353,734
1230,1,1,1,2,0,0,0,2380,902
1231,1,1,2,2,0,0,0,2381,343
1232,1,1,3,2,0,0,0,2327,992
1233,1,1,3,2,0,0,0,2327,990
1234,1,1,3,2,0,0,0,2327,991
1235,1,1,3,2,0,0,0,2327,987
1236,1,1,3,2,0,0,0,2327,988
1237,1,1,3,2,0,0,0,2327,984
1238,1,1,3,2,0,0,0,2327,985
1239,1,1,3,2,0,0,0,2327,989
1240,1,1,3,2,0,0,0,2327,986
1241,1,1,1,2,0,0,0,2367,922
1242,7,0,1,2,0,1,1,2368,922
1243,1,1,1,2,0,0,0,2382,732
1244,1,1,1,2,0,0,0,2383,732
1246,1,1,1,2,0,0,0,2384,482
1247,3,1,2,1,0,0,0,8,615
1248,1,2,1,2,0,0,0,147,615
1249,1,1,2,2,0,0,0,29,537
1250,2,1,2,1,0,0,0,6,523
1251,1,1,1,2,1,0,0,85,514
1253,1,1,1,2,0,0,0,2,140
1254,1,0,1,2,0,1,0,125,138
1255,1,0,1,2,0,1,0,125,289
1256,1,0,1,2,0,1,0,125,658
1259,1,1,1,2,0,0,0,75,317
1260,1,1,1,2,0,1,0,74,507
1261,1,1,3,2,0,0,0,140,731
1262,1,2,1,2,0,0,0,144,727
1263,1,1,1,2,1,0,0,145,727
1264,1,1,2,0,0,0,0,108,819
1265,1,1,2,0,0,0,0,108,820
1266,1,1,2,0,0,0,0,108,821
1267,1,1,2,0,0,0,0,108,822
1268,1,1,2,0,0,0,0,108,823
1269,1,1,2,0,0,0,0,108,825
1270,1,1,2,0,0,0,0,108,826
1271,1,1,2,0,0,0,0,108,827
1272,1,1,2,0,0,0,0,108,829
1273,7,1,1,2,0,0,0,142,727
1274,1,2,1,0,0,0,0,143,727
1275,1,1,1,2,0,0,0,148,727
1276,1,1,2,2,0,0,0,87,641
1277,1,1,1,2,0,0,0,3,2
1278,1,1,1,2,0,0,0,3,138
1279,1,1,1,2,0,0,0,3,140
1280,1,1,1,2,0,0,0,3,144
1281,1,1,2,2,0,0,0,3,181
1282,1,1,1,2,0,0,0,3,182
1283,1,1,1,2,0,0,0,3,287
1284,1,1,1,2,0,0,0,3,288
1285,1,1,1,2,0,0,0,3,289
1286,1,1,1,2,0,0,0,3,290
1287,1,1,1,2,0,0,0,3,308
1288,1,1,1,2,0,0,0,3,317
1289,1,1,1,2,0,0,0,3,321
1290,1,1,1,2,0,0,0,3,324
1291,1,1,1,2,0,0,0,3,325
1292,1,1,1,2,0,0,0,3,993
1293,1,1,1,2,0,0,0,3,327
1294,1,1,1,2,0,0,0,3,330
1295,1,1,1,2,0,0,0,3,343
1296,1,1,1,2,0,0,0,3,994
1297,1,1,1,2,0,0,0,3,350
1298,1,1,1,2,0,0,0,3,351
1299,1,1,1,2,0,0,0,3,356
1300,1,1,1,2,0,0,0,3,417
1301,1,1,1,2,0,0,0,3,433
1302,1,1,1,2,0,0,0,3,434
1303,1,1,2,2,0,0,0,3,438
1304,1,1,1,2,0,0,0,3,442
1305,1,1,1,2,0,0,0,3,444
1306,1,1,1,2,0,0,0,3,482
1307,1,1,1,2,0,0,0,3,507
1308,1,1,1,2,0,0,0,3,511
1309,1,1,1,2,0,0,0,3,513
1310,1,1,1,2,0,0,0,3,515
1311,1,1,1,2,0,0,0,3,517
1312,1,1,1,2,0,0,0,3,537
1313,1,1,1,2,0,0,0,3,658
1314,1,1,1,2,0,0,0,3,660
1315,1,1,1,2,0,0,0,3,661
1316,1,1,1,2,0,0,0,3,670
1317,1,1,1,2,0,0,0,3,671
1318,1,1,1,2,0,0,0,3,673
1319,1,1,1,2,0,0,0,3,678
1320,1,1,1,2,0,0,0,3,725
1321,1,1,1,2,0,0,0,3,726
1322,1,1,1,2,0,0,0,3,729
1323,1,1,1,2,0,0,0,3,732
1324,1,1,1,2,0,0,0,3,733
1325,1,1,1,2,0,0,0,3,818
1326,1,0,1,2,0,1,1,139,2
1327,1,0,1,2,0,1,1,139,138
1328,1,0,2,2,0,1,1,139,140
1329,1,0,1,2,0,1,1,139,144
1330,1,0,1,2,0,1,1,139,181
1331,1,0,1,2,0,1,1,139,182
1332,1,0,1,2,0,1,1,139,287
1333,1,0,2,2,0,1,1,139,288
1334,1,0,2,2,0,1,1,139,289
1335,1,0,1,2,0,1,1,139,290
1336,1,0,1,2,0,1,1,139,308
1337,1,0,1,2,0,1,1,139,317
1338,1,0,1,2,0,1,1,139,321
1339,1,0,1,2,0,1,1,139,324
1340,1,0,1,2,0,1,1,139,325
1341,1,0,1,2,0,1,1,139,327
1342,1,0,2,2,0,1,1,139,330
1343,1,0,1,2,0,1,1,139,999
1344,1,0,1,2,0,1,1,139,925
1345,1,0,1,2,0,1,1,139,994
1346,1,0,1,2,0,1,1,139,350
1347,1,0,1,2,0,1,1,139,351
1348,1,0,1,2,0,1,1,139,356
1349,1,0,1,2,0,1,1,139,417
1350,1,0,1,2,0,1,1,139,433
1351,1,0,1,2,0,1,1,139,434
1352,1,0,1,2,0,1,1,139,438
1353,1,0,1,2,0,1,1,139,442
1354,1,0,1,2,0,1,1,139,444
1355,1,0,1,2,0,1,1,139,1001
1356,1,0,1,2,0,1,1,139,482
1357,1,0,1,2,0,1,1,139,507
1358,1,0,1,2,0,1,1,139,510
1359,1,0,1,2,0,1,1,139,511
1360,1,0,1,2,0,1,1,139,513
1361,1,0,1,2,0,1,1,139,515
1362,1,0,1,2,0,1,1,139,517
1363,1,0,1,2,0,1,1,139,537
1364,1,0,1,2,0,1,1,139,658
1365,1,0,1,2,0,1,1,139,660
1366,1,0,1,2,0,1,1,139,661
1367,1,0,1,2,0,1,1,139,670
1368,1,0,1,2,0,1,1,139,671
1369,1,0,1,2,0,1,1,139,673
1370,1,0,1,2,0,1,1,139,678
1371,1,0,1,2,0,1,1,139,725
1372,1,0,1,2,0,1,1,139,726
1373,1,0,1,2,0,1,1,139,729
1374,1,0,1,2,0,1,1,139,732
1375,1,0,1,2,0,1,1,139,733
1376,1,0,1,2,0,1,1,139,818
1377,1,2,3,2,0,0,0,2388,992
1378,1,2,3,2,0,0,0,2388,991
1379,1,2,3,2,0,0,0,2388,990
1380,1,2,3,2,0,0,0,2388,989
1381,1,2,3,2,0,0,0,2388,987
1382,1,2,3,2,0,0,0,2388,988
1383,1,2,3,2,0,0,0,2388,986
1384,1,2,3,2,0,0,0,2388,985
1385,1,2,3,2,0,0,0,2388,984
1386,1,1,3,2,0,0,0,2393,510
1387,1,1,3,2,0,0,0,2393,925
1388,1,1,3,2,0,0,0,2393,1233
1389,8,1,2,2,0,0,0,2344,1136
1390,1,2,1,1,0,0,0,2389,1174
1391,1,1,3,2,0,0,0,2391,72
1392,1,1,3,2,0,0,0,2391,73
1393,1,1,3,2,0,0,0,2391,74
1394,1,1,3,2,0,0,0,2391,75
1395,1,1,3,2,0,0,0,2391,76
1396,1,1,3,2,0,0,0,2391,77
1397,1,1,3,2,0,0,0,2391,78
1398,1,1,3,2,0,0,0,2391,79
1399,1,1,3,2,0,0,0,2391,80
1400,1,1,3,2,0,0,0,2391,81
1401,1,1,3,2,0,0,0,2391,82
1402,1,1,3,2,0,0,0,2391,83
1403,1,1,3,2,0,0,0,2391,84
1404,1,1,3,2,0,0,0,2391,85
1405,1,1,3,2,0,0,0,2391,86
1406,1,1,1,2,0,0,0,2397,1249
1407,1,1,1,2,0,0,0,2397,1248
1408,1,1,1,2,0,0,0,2397,1250
1409,1,1,3,2,0,1,0,2387,328
1410,1,1,3,2,0,1,0,2387,538
1411,8,1,3,2,0,0,0,100,181
1412,8,1,3,2,0,0,0,100,819
1413,8,1,3,2,0,0,0,100,820
1414,8,1,3,2,0,0,0,100,821
1415,8,1,3,2,0,0,0,100,822
1416,8,1,3,2,0,0,0,100,438
1417,8,1,3,2,0,0,0,100,823
1418,8,1,3,2,0,0,0,100,825
1419,8,1,3,2,0,0,0,100,513
1420,8,1,3,2,0,0,0,100,826
1421,8,1,3,2,0,0,0,100,827
1422,8,1,3,2,0,0,0,100,678
1423,8,1,3,2,0,0,0,100,829
1424,1,1,1,2,0,0,0,2385,5
1425,1,1,1,2,0,0,0,2385,6
1426,1,1,1,2,0,0,0,2385,7
1427,1,1,1,2,0,0,0,2385,8
1428,1,1,1,2,0,0,0,2385,10
1429,1,1,1,2,0,0,0,2385,9
1430,1,1,1,2,0,0,0,2385,11
1431,1,1,1,2,0,0,0,2385,12
1432,1,1,1,2,0,0,0,2385,13
1433,1,1,1,2,0,0,0,2385,14
1434,1,1,1,2,0,0,0,2385,15
1435,1,1,1,2,0,0,0,2385,16
1436,1,1,1,2,0,0,0,2385,17
1437,1,1,1,2,0,0,0,2385,18
1438,1,1,1,2,0,0,0,2385,19
1439,1,1,1,2,0,0,0,2385,20
1440,1,1,1,2,0,0,0,2385,21
1441,1,1,1,2,0,0,0,2385,22
1442,1,1,1,2,0,0,0,2385,980
1443,1,1,1,2,0,0,0,2385,23
1444,1,1,1,2,0,0,0,2385,24
1445,1,1,1,2,0,0,0,2385,25
1446,1,1,1,2,0,0,0,2385,26
1447,1,1,1,2,0,0,0,2385,27
1448,1,1,1,2,0,0,0,2385,249
1449,1,1,1,2,0,0,0,2385,28
1450,1,1,1,2,0,0,0,2385,170
1451,1,1,1,2,0,0,0,2385,175
1452,1,1,1,2,0,0,0,2385,176
1453,1,1,1,2,0,0,0,2385,1220
1454,1,1,1,2,0,0,0,2385,1221
1455,1,1,1,2,0,0,0,2385,1222
1456,1,1,1,2,0,0,0,2385,1223
1457,1,1,1,2,0,0,0,2385,1224
1458,1,1,1,2,0,0,0,2385,1225
1459,1,1,1,2,0,0,0,2385,1226
1460,1,1,1,2,0,0,0,2385,1227
1461,1,1,1,2,0,0,0,2385,1228
1462,1,1,1,2,0,0,0,2385,1229
1463,1,1,1,2,0,0,0,2385,1230
1464,1,1,1,2,0,0,0,2385,1231
1465,1,1,1,2,0,0,0,2385,1232
1466,1,1,1,2,0,0,0,2385,1164
1467,1,1,1,2,0,0,0,2385,1163
1468,1,1,1,2,0,0,0,2385,1249
1470,1,1,1,2,0,0,0,2385,1166
1471,1,1,1,2,0,0,0,2385,1167
1472,1,1,1,2,0,0,0,2385,1165
1473,1,1,1,2,0,0,0,2385,1168
1474,1,1,1,2,0,0,0,2385,1170
1475,1,1,1,2,0,0,0,2385,1169
1476,1,1,1,2,0,0,0,2385,1171
1479,1,1,1,2,0,0,0,2385,1174
1480,1,1,1,2,0,0,0,2385,1175
1482,1,1,1,2,0,0,0,2385,1176
1484,1,1,1,2,0,0,0,2385,1202
1485,1,1,1,2,0,0,0,2385,1203
1486,1,1,1,2,0,0,0,2385,1204
1487,1,1,1,2,0,0,0,2385,1205
1488,1,1,1,2,0,0,0,2385,1207
1490,1,1,1,2,0,0,0,2385,1208
1491,1,1,1,2,0,0,0,2385,1209
1492,1,1,1,2,0,0,0,2385,1210
1493,1,1,1,2,0,0,0,2385,1211
1494,1,1,1,2,0,0,0,2385,1213
1495,1,1,1,2,0,0,0,2385,1212
1496,1,1,1,2,0,0,0,2385,1214
1498,1,1,1,2,0,0,0,2385,1216
1499,1,1,1,2,0,0,0,2385,1217
1500,1,1,1,2,0,0,0,2385,1219
1503,1,1,1,2,0,0,0,2385,1252
1504,1,1,1,2,0,0,0,2385,1234
1505,1,1,2,2,0,0,0,2390,1236
1506,1,1,2,2,0,0,0,2390,1235
1507,1,1,2,2,0,0,0,2390,1237
1508,1,1,2,2,0,0,0,2390,360
1509,1,1,2,2,0,0,0,2390,362
1510,1,1,2,2,0,0,0,2390,674
1511,1,1,2,2,0,0,0,2394,1239
1512,1,1,2,2,0,0,0,2394,1245
1513,1,1,2,2,0,0,0,2394,1243
1514,1,1,2,2,0,0,0,2394,1240
1515,1,1,2,2,0,0,0,2394,1244
1516,1,1,2,2,0,0,0,2394,1242
1517,1,1,2,2,0,0,0,2394,1241
1518,1,1,2,2,0,0,0,2394,1238
1519,1,1,2,2,0,0,0,2394,1246
1568,8,1,2,2,0,0,0,2344,1112
1569,8,1,2,2,0,0,0,2344,1111
1570,8,1,2,2,0,0,0,2344,1114
1571,8,1,2,2,0,0,0,2344,1113
1572,8,1,2,2,0,0,0,2344,1115
1573,8,1,2,2,0,0,0,2344,1116
1574,8,1,2,2,0,0,0,2344,1117
1575,8,1,2,2,0,0,0,2344,1118
1576,8,1,2,2,0,0,0,2344,1119
1577,8,1,2,2,0,0,0,2344,1120
1578,8,1,2,2,0,0,0,2344,1121
1579,8,1,2,2,0,0,0,2344,1122
1580,8,1,2,2,0,0,0,2344,1123
1581,8,1,2,2,0,0,0,2344,1124
1582,8,1,2,2,0,0,0,2344,1125
1583,8,1,2,2,0,0,0,2344,1126
1584,8,1,2,2,0,0,0,2344,1127
1585,8,1,2,2,0,0,0,2344,1128
1586,8,1,2,2,0,0,0,2344,1129
1587,8,1,2,2,0,0,0,2344,1130
1588,8,1,2,2,0,0,0,2344,1131
1589,8,1,2,2,0,0,0,2344,1132
1590,8,1,2,2,0,0,0,2344,1133
1591,8,1,2,2,0,0,0,2344,1134
1592,8,1,2,2,0,0,0,2344,1135
1593,8,1,2,2,0,0,0,2344,1137
1594,8,1,2,2,0,0,0,2344,1138
1595,8,1,2,2,0,0,0,2344,1139
1596,8,1,2,2,0,0,0,2344,1140
1597,8,1,2,2,0,0,0,2344,1141
1598,8,1,2,2,0,0,0,2344,1142
1599,8,1,2,2,0,0,0,2344,306
1600,1,1,3,2,0,0,0,2398,107
1601,1,1,3,0,0,0,0,2399,889
1602,1,1,3,0,0,0,0,2400,527
1603,1,1,3,0,0,0,0,2400,901
1604,1,1,3,0,0,0,0,2400,1256
1605,1,1,3,0,0,0,0,2400,1257
1606,1,1,3,0,0,0,0,2400,1258
1607,1,1,2,2,0,0,0,2401,321
1608,1,0,2,2,0,1,1,2402,1143
1609,1,0,2,2,0,1,1,2402,1144
1610,1,0,2,2,0,1,1,2402,1145
1611,1,0,2,2,0,1,1,2402,1146
1612,1,0,2,2,0,1,1,2402,1147
1613,1,0,2,2,0,1,1,2402,1148
1614,1,0,2,2,0,1,1,2402,1150
1615,1,0,2,2,0,1,1,2402,1151
1616,1,0,2,2,0,1,1,2402,1152
1617,1,0,2,2,0,1,1,2402,1153
1618,1,0,2,2,0,1,1,2402,1155
1619,1,0,2,2,0,1,1,2402,1156
1620,1,0,2,2,0,1,1,2402,1157
1621,1,0,2,2,0,1,1,2402,1149
1622,1,0,2,2,0,1,1,2402,1158
1623,1,0,2,2,0,1,1,2402,1159
1624,1,0,2,2,0,1,1,2402,1154
1625,1,0,2,2,0,1,1,2402,1160
1626,1,0,2,2,0,1,1,2402,1161
1627,1,0,2,2,0,1,1,2402,1162
1628,1,1,2,2,0,0,0,2403,364
1629,1,1,2,1,0,0,0,2404,1259
1630,1,1,2,1,0,0,0,2404,1260
1631,1,1,2,1,0,0,0,2404,1261
1632,1,1,2,1,0,0,0,2404,1262
1633,1,1,2,1,0,0,0,2404,1263
1634,1,1,2,1,0,0,0,2404,1264
1635,1,1,2,1,0,0,0,2404,1265
1636,1,1,2,1,0,0,0,2404,1266
1637,1,1,2,1,0,0,0,2404,1267
1638,1,1,2,1,0,0,0,2404,1268
1639,1,1,2,1,0,0,0,2404,1269
1640,1,1,2,1,0,0,0,2404,1270
1641,1,1,2,1,0,0,0,2404,1271
1642,1,1,2,1,0,0,0,2404,1272
1643,1,1,2,1,0,0,0,2404,1273
1644,1,1,2,1,0,0,0,2404,1274
1645,1,1,2,1,0,0,0,2404,1275
1646,1,1,2,1,0,0,0,2404,1276
1647,1,1,2,1,0,0,0,2404,1277
1648,1,1,2,1,0,0,0,2404,1278
1649,1,1,2,1,0,0,0,2404,1279
1650,1,1,2,1,0,0,0,2404,1280
1651,1,1,2,1,0,0,0,2404,1281
1652,1,1,2,1,0,0,0,2404,1282
1653,1,1,2,1,0,0,0,2404,1283
1654,1,1,2,1,0,0,0,2404,1284
1655,1,1,3,2,0,0,0,2405,1285
1656,1,1,3,2,0,0,0,2405,1286
1657,1,1,3,2,0,0,0,2405,1287
1658,1,1,3,2,0,0,0,2405,1288
1659,1,1,3,2,0,0,0,2405,1289
1660,1,1,3,2,0,0,0,2405,1290
1661,1,1,3,2,0,0,0,2405,1291
1662,1,1,3,2,0,0,0,2405,1292
1663,1,1,3,2,0,0,0,2405,1293
1664,1,1,3,2,0,0,0,2405,1294
1665,1,1,3,2,0,0,0,2405,1295
1666,1,1,3,2,0,0,0,2405,1296
1667,1,1,3,2,0,0,0,2405,1297
1668,1,1,3,2,0,0,0,2405,1298
1669,1,1,3,2,0,0,0,2405,1299
1670,1,1,3,2,0,0,0,2405,1300
1704,1,1,2,2,0,0,0,2407,725
1705,1,1,2,2,0,0,0,2408,273
1706,1,1,1,2,0,0,0,2409,410
1707,1,1,2,0,0,0,0,2410,138
1708,1,1,2,0,0,0,0,2410,330
1709,1,1,2,0,0,0,0,2410,417
1710,1,1,2,0,0,0,0,2410,658
1711,1,1,2,0,0,0,0,2410,732
1712,1,1,2,0,0,0,0,2410,733
1713,5,1,2,2,0,1,1,101,533
1714,5,1,2,2,0,1,1,101,1301
1715,5,1,2,2,0,1,1,101,1302
1716,5,1,2,2,0,1,1,101,1303
1745,1,1,3,2,0,0,0,2411,55
1746,1,1,3,2,0,0,0,2411,56
1747,1,1,3,2,0,0,0,2411,57
1748,1,1,3,2,0,0,0,2411,58
1749,1,1,3,2,0,0,0,2411,59
1750,1,1,3,2,0,0,0,2411,60
1751,1,1,3,2,0,0,0,2411,61
1752,1,1,3,2,0,0,0,2411,62
1753,1,1,3,2,0,0,0,2411,63
1754,1,1,3,2,0,0,0,2411,64
1755,1,1,3,2,0,0,0,2411,65
1756,1,1,3,2,0,0,0,2411,66
1757,1,1,3,2,0,0,0,2411,67
1758,1,1,3,2,0,0,0,2411,68
1759,1,1,3,2,0,0,0,2412,108
1760,1,1,3,2,0,0,0,2412,109
1761,1,1,3,2,0,0,0,2412,110
1762,1,1,3,2,0,0,0,2412,111
1763,1,1,3,2,0,0,0,2412,112
1764,1,1,3,2,0,0,0,2412,113
1765,1,1,3,2,0,0,0,2412,114
1766,1,1,3,2,0,0,0,2412,115
1767,1,1,3,2,0,0,0,2412,116
1768,1,1,3,2,0,0,0,2412,117
1769,1,1,3,2,0,0,0,2412,118
1770,1,1,3,2,0,0,0,2412,119
1771,1,1,3,2,0,0,0,2412,120
1772,1,1,3,2,0,0,0,2412,121
1773,1,1,3,2,0,0,0,2412,122
1774,1,1,3,2,0,0,0,2412,123
1775,1,1,3,2,0,0,0,2412,124
1776,1,1,3,2,0,0,0,2412,125
1777,1,1,3,2,0,0,0,2412,126
1778,1,1,3,2,0,0,0,2412,127
1779,1,1,3,2,0,0,0,2412,128
1780,1,1,3,2,0,0,0,2412,129
1781,1,1,3,2,0,0,0,2412,130
1782,1,1,3,2,0,0,0,2412,131
1783,1,1,3,2,0,0,0,2412,132
1784,1,1,3,2,0,0,0,2412,133
1785,1,1,1,1,0,0,0,2413,152
1786,1,1,1,1,0,0,0,2413,153
1787,1,1,1,1,0,0,0,2413,154
1788,1,1,1,1,0,0,0,2413,155
1789,1,1,1,1,0,0,0,2413,156
1790,1,1,1,1,0,0,0,2413,157
1791,1,1,1,1,0,0,0,2413,158
1792,1,1,1,1,0,0,0,2413,159
1793,1,1,1,1,0,0,0,2413,161
1794,1,1,1,1,0,0,0,2413,162
1795,1,1,1,1,0,0,0,2413,163
1796,1,1,1,1,0,0,0,2413,164
1797,1,1,1,1,0,0,0,2413,165
1798,1,1,1,1,0,0,0,2413,166
1799,1,1,1,1,0,0,0,2413,167
1800,1,1,1,1,0,0,0,2413,168
1801,1,1,1,1,0,0,0,2413,169
1802,1,1,1,1,0,0,0,2413,170
1803,1,1,1,1,0,0,0,2413,171
1804,1,1,1,1,0,0,0,2413,172
1805,1,1,1,1,0,0,0,2413,173
1806,1,1,1,1,0,0,0,2413,174
1807,1,1,1,1,0,0,0,2413,175
1808,1,1,1,1,0,0,0,2413,176
1809,1,1,1,1,0,0,0,2413,177
1810,1,1,1,1,0,0,0,2413,178
1811,1,1,1,1,0,0,0,2413,179
1812,1,1,3,2,0,0,0,2414,615
1813,1,1,2,2,0,0,0,2415,370
1814,1,1,2,2,0,0,0,2415,371
1815,1,1,2,2,0,0,0,2415,372
1816,1,1,2,2,0,0,0,2415,373
1817,1,1,2,2,0,0,0,2415,374
1818,1,1,2,2,0,0,0,2415,375
1819,1,1,2,2,0,0,0,2415,376
1820,1,1,2,2,0,0,0,2415,377
1821,1,1,2,2,0,0,0,2415,378
1822,1,1,2,2,0,0,0,2415,379
1823,1,1,2,2,0,0,0,2415,380
1824,1,1,2,2,0,0,0,2415,381
1825,1,1,2,2,0,0,0,2415,382
1826,1,1,2,2,0,0,0,2415,383
1827,1,1,2,2,0,0,0,2415,384
1828,1,1,2,2,0,0,0,2415,385
1829,1,1,2,2,0,0,0,2415,386
1830,1,1,2,2,0,0,0,2415,387
1831,1,1,2,2,0,0,0,2415,388
1832,1,1,2,2,0,0,0,2415,389
1833,1,1,2,2,0,0,0,2415,390
1834,1,1,2,2,0,0,0,2415,391
1835,1,1,2,2,0,0,0,2415,392
1836,1,1,2,2,0,0,0,2415,393
1837,1,1,2,2,0,0,0,2415,394
1838,1,1,2,2,0,0,0,2415,395
1839,1,1,2,2,0,0,0,2415,396
1840,1,1,2,2,0,0,0,2415,397
1841,1,1,2,2,0,0,0,2415,398
1842,1,1,2,2,0,0,0,2415,399
1843,1,1,2,2,0,0,0,2415,400
1844,1,1,2,2,0,0,0,2415,401
1845,1,1,2,2,0,0,0,2415,402
1846,1,1,3,2,0,0,0,2416,676
1847,1,1,2,2,0,0,0,2418,645
1848,1,1,2,2,0,0,0,2418,648
1849,1,1,2,2,0,0,0,2418,650
1850,1,1,2,2,0,0,0,2418,651
1851,1,1,2,2,0,0,0,2417,350
1852,1,1,2,2,0,0,0,2392,1247
1853,1,1,2,2,0,0,0,2419,291
1854,1,1,2,2,0,0,0,2419,292
1855,1,1,2,2,0,0,0,2419,293
1856,1,1,2,2,0,0,0,2419,294
1857,1,1,2,2,0,0,0,2419,295
1858,1,1,2,2,0,0,0,2419,296
1859,1,1,2,2,0,0,0,2419,297
1860,1,1,2,2,0,0,0,2419,298
1861,1,1,2,2,0,0,0,2419,299
1862,1,1,2,2,0,0,0,2419,300
1863,1,1,2,2,0,0,0,2419,301
1864,1,1,2,2,0,0,0,2419,302
1865,1,1,2,2,0,0,0,2419,303
1866,1,1,2,2,0,0,0,2419,304
1867,1,1,2,2,0,0,0,2419,305
1868,1,0,2,2,0,1,2,2420,530
